song_id, name
1000248,Juan Alderete
1000298,Charlie Smalls
1000350,Josephine Vander Gucht
1002050,Pasqué
1002553,Sven Torstenson
100310,MNEK
1003240,Matthew Holmes
1003241,Philip Leigh
1003643,Ryan Met
1005536,Hearts & Colors
1006385,Geoff Warburton
1006552,Steve Boone
1006553,Mark Sebastian
1007003,Jem Finer
1008157,Dudley Brooks
1009606,Lumidee Cedeno
1010912,Jay W. Johnson
1011552,Lene Dissing
1011553,Mads Hjerl-Hansen
1011757,Servando Primera
1011881,Joe Mason
1012880,Drew Brown
1012903,Shampoo Press & Curl
1012909,Phoebe Bridgers
1013152,Zach Skelton
1013923,Ben Schneider
10144,Trouble
1015,Chester Bennington
1015048,Zay Hilfigerrr
1015154,Alex Ben-Abdullah
1016148,Jerker Hansson
1017213,Kris Wu
1017435,Phil Shaouy
10179,B?kon
1018325,The Futuristics
1018932,Brian Gold
10193,Dakari
1019487,Michael Matosic
1019488,Michael Pollack
1019571,Irving Taylor
1019572,Hal Stanley
1020,Jhené Aiko
1020520,Ashton Foster
1020839,Jeff Kleinman
1021143,Mikkel Storleer Eriksen
1021179,Terrotuga
1021697,88.9 KBVR FM
1021783,Kevin McKenzie
1022473,Robert Mersey
1023095,Ness (HBTL)
1025776,Noah Shark
1027596,Shiloh Dynasty
10279,Schoolly D
10285,Scram Jones
1028647,Javar Rockamore
1028671,StepBfly
1028712,WHTKD
1028913,Tee Grizzley
1028969,Alex Beitzke
1029347,Karen Chin
1030010,Damo Suzuki
1030536,DJ Swivel
1030827,DJ Kyriakides
1033803,Eric Chedeville
1034377,DVBBS & CMC$
1035208,Ray Charles McCullough II
1036658,Benj Pasek
1036659,Justin Paul
1036712,Philip Kembo
103765,Burl Ives
1038995,Tim Randolph
1039836,Worldwide Fresh
1040258,Sam Harris
104043,Cash Cash
104044,Bebe Rexha
1041197,Ricky West
1041390,Ayo & Teo
10418,!llmind
1042,M.I.A.
1043518,HUNCHO JACK
1045923,Richard Boardman
10461,Danja
1046301,Bobby Joseph Turner, Jr.
1046502,EZ El Ezeta
10471,Young MC
1047738,Pi’erre Bourne
1049534,Rico Brooks
1050477,Big Taste
1052712,MELVV
1052731,John Gourley
1052771,Pablo Bowman
1053347,DEVAULT
1053351,Ben Jayne
1053558,Melvin “Chaos” Lewis
1054259,Logan Sama
1054563,Gus Pirelli
1054931,Billy Hayes
1056415,NAV & Metro Boomin
1057258,Paul Mitchell
1057672,The Dream Life
1058122,Fanny Hultman
1058469,Deats
10586,Spooks
1058697,Erika Ender
1058793,Kris Eriksson
1059307,Ingrid Andress
1060785,BL$$D
1061279,DJ Discretion
1061395,Ryan Riback
1061649,808Godz
1062448,Shmateo
1062449,Ogleloo
1063096,Bobby Luv
1063138,Dexter Randall
1063345,Miky La Sensa
1064568,Felix Leone
1064758,Trevorious
1064929,Anthony Kelly
1066378,Flint Chozen Choir
1066724,Ricci Rierra
106693,Clean Bandit
106714,Noonie Bao
1067209,Kennedi
106722,Khalis Bayyan
1067790,Cary Singer
1067791,Justin Rodriguez
1067796,Steve Jeffries
1067797,Thomas Blaize
1067852,Lawrence Jenkins
1067853,Michael Carson
1067861,Bach Nguyen-Tran
1067865,Serge Durand
1067866,TrePounds
1067883,Justin Philip Bradley
1067884,Ruben Jason Raymond
1067939,Alfredo Gonzalez
1072666,SoundsByCT
1073,Juicy J
1074503,Quenneville
1075634,Asahd Tuck Khaled
1079946,Tommy Butler
1080670,Stonii
1080750,?iLL Wayno
108183,Joan Javits
1082327,Deraj Global
1083531,Mario Cáceres
1084340,Ray Michael Djan Jr.
1084341,Sam Klempner
1084552,Cash (XO)
108612,RAT BOY
1086436,Trippie Redd
1091365,Eamon Murray
1091366,Niamh Dunne
1091400,Stephen Woode
1091417,Murray Cummings
1091899,Damian McKee
1093420,Better Off Dead
1096445,Foreign Teck
1096783,Barry Bradford
1098115,Richy Samo
1098177,Roland Clark
1099720,Mike Blackburn
110,Pharrell Williams
1102,Skylar Grey
1103530,Sean Scanlon
1103532,Beau Kuther
1103533,Michael Kamerman
1103534,Joseph Intile
1103538,KIN
1103594,Ernst Anschütz
1104418,J. Sakiya Sandifer
1104421,Wallis Lane
1104583,Bryan Antoine
1106866,Julien Martinez
110699,Adam Pallin
1107057,Remi Kabaka
1107320,Frank “Nitty” Brim
1108110,TheHills79
1108378,Adam Met
1108379,Jack Met
1108806,Myles Harris
1108897,Edgar Machuca
1110853,Ray “August Grant” Jacobs
1111168,JW Lucas
1112113,Eduardo Earle Jr.
1112844,Tank God
111393,Fred Ball
1114375,Johnny Mitchell
1114579,Sean Jocobs
1114651,Kyle O’Quin
1114683,Mitch Rowland
1115040,Matt Homes
1116480,Damian Lemar Hudson
1117837,Paimon Jahanbin
1117838,Nima Jahanbin
1117856,Ryan Martinez
1118563,The Night Game
1118685,INNR CHLD
1119406,Detroit City
1119780,Luis Fonsi & Daddy Yankee
112,Timbaland
1120503,The Dap-Kings Horns
1120888,Lil Xan
1122002,OneInThe4Rest
1122051,Justin Cox
1124097,6ix9ine
1124401,Kyle Fishman
1127179,Zachary Carothers
112992,Daniel Green
11305,Hitmaka
1132575,Shawn McKenzie
1132576,Leon Ressalam
1132580,Michi Tanaka
1132581,Dominik Patrzek
1132586,James Bownes
1133737,Tyler Reeve
11353,ScHoolboy Q
1138,The Beach Boys
11395,G-Eazy
1139595,Eric Howk
1141242,Harold Ray Brown
1141243,Rikrok
11418,JayO
1143172,Sean Douglas
11439,Afrojack
1143987,FrostADX
1145688,Ily Wonder
1146836,TrifeDrew
1147606,Tay-K
1149147,Pardison Fontaine
1149197,Claire Demorest
1150640,?potsu
1154049,DJ Khaled & Calvin Harris
1154575,KIIDA
1157676,Sean Myer
1158063,Natra Average
1161075,Julius Preston
11620,Skizzy Mars
1162081,Ashante Reid
1165486,Grasser
1167393,Ashadally Adam
1169744,DaviDior
1170285,Fabienne Holloway
11714,Kelly Clarkson
1172580,Sam Wish
1173791,?KST
1175414,Matt Carillo
1175415,Fred Lowinger
1175416,Russ Mitkowski
1175417,Matthew Quinones
1176867,Sosa 808
1177,Taylor Swift
1178897,Austin Donawa
1178898,Jim Hayne
1179,Mavis Staples
11795,Luke Christopher
118,Yo Gotti
1181,The-Dream
1185206,Jason Sechrist
118595,Lord Huron
1186897,Tameka “Tiny” Harris
1188543,S.Diesel
1188681,Jagvir Aujla
1188932,Jonny Price
119281,Major Seven
1192817,AK Visions
1194324,Willshire
1195,Katy Perry
1195172,Coleridge-Taylor Perkinson
1195558,Bantu
1195838,Justin Bieber & BloodPop®
1202217,IIVI
1204602,Tyrone Kelsie
12047,Imogen Heap
1205,Mariah Carey
1207392,Reuben James
121052,Amanda McBroom
1210562,The Loyalty Club
12128,Kinetics
12138,Charles Mingus
1215,Max B
12164,Chrishan
121717,Darryl Pearson
1217171,Vory
1219483,YBN Nahmir
1220431,Justin Jesso
12232,Jaden
1223820,Big Shaq
1225094,Scott Moffatt
1227368,Klenord Raphael
122790,Eg White
1231887,YEBBA
1232354,Maroon 5 & Julia Michaels
12327,Budo
1232906,Jose Valasquez
1232967,Kyle Puccia
1235234,Trapphones
123538,Dann Huff
1235500,Selena Gomez & Marshmello
1237094,Juice WRLD
12417,A$AP Rocky
12418,Ed Sheeran
1242436,Spencer Thomson
1242537,Linda Karlsson
124464,Brent Kutzle
1245444,The String Mob
12460,Brenton Duvall
1246499,Migos & Marshmello
124752,JHart
1249656,Woodrow Sparrow
1249916,21 Savage, Offset & Metro Boomin
1249918,Offset & Metro Boomin
1251946,Big Sean & Metro Boomin
1254453,OneRepublic & Seeb
1257639,Zoe Nash
126064,Chris Frantz
126065,Tina Weymouth
1263060,Pokee
1267587,Grace Fulmer
1270591,Romy Dya
1271116,Martin Garrix & David Guetta
1273706,Koncept P
127642,Tove Lo
1276441,Jacob Ludwig
1276442,Leo Rami Dawod
1279768,KEELEY!
1280104,G-Eazy & Halsey
12802,Mano
1285196,Eric McIntosh
1285709,Macintosh Hundal
1285710,Keith Fogah
1285712,Jamie McKay
1287260,Americo Garcia
1290320,Myles Moraites
12908,Diplo
1294730,Carlos Desrosiers
1294731,Pas Beatz
1297009,Mali-Koa
12994,David Byrne
13,Gucci Mane
130,Drake
130026,?theMIND
1300567,Georgia Sinclair
130145,Romy Madley Croft
1306886,Derrus Rachel
13077,OnCue
1307812,Jordan Hutchins
1309939,IllaDaProducer
13163,Earth, Wind & Fire
131676,Dan Romer
13177,Otis Redding
1319,Meek Mill
132,Usher
1322334,WillMajor
132285,Drew Pearson
1325521,Billy Alessi
1325522,Bobby Alessi
1327314,Deandria Dean
13298,James Blake
133136,Mark Williams
133664,Rob Kirwan
1340,Estelle
1350102,AUGUST 08
13531,Demi Lovato
13539,Maroon 5
13585,Daft Punk
1362,Belly
136287,Martin Terefe
1364742,Robert Wells
137169,Andy Hurley
1372,Skewby
137924,Kevin “She’kspere” Briggs
1385462,Pessoa
138549,Olivia Holt
138561,Wrabel
138998,Teddy Walton
139040,Sevn Thomas
1393721,Ray “Quasi” Nelson
139460,Rex Kudo
1397,Giggs
1398269,Jon White
1405,Shakira
14086,Don McLean
1410894,Frederick A. Davenport II
1410895,Shungudzo
1411443,William Chavis
141265,Powers Pleasant
141275,30 Roc
1413033,Emma Lov Block
1413172,Kent Luciiano
1415764,Deejae
1416543,Chucho Flash
14181,The xx
1421,Kendrick Lamar
14219,Michael Uzowuru
1422,Danny Brown
142213,Mattias Larsson
142215,Robin Fredriksson
1423618,Wes Bailey
1423619,Trevor Terndrup
1423620,Thomas Putnam
1423621,Tyler Ritter
142460,Leland Whitty
1425697,Josh “The Secret Code”
1429264,Peter Hortaridis
14325,2 Chainz
143593,Brasstracks
143754,Louis Bell
1444919,Oladayo Olatunji
1450,YG
146,Mannie Fresh
1462641,Ayo Chef
147213,Bobby Raps
14766,Bighead
14777,Elite
1486323,Charlotte Thersen
14868,Priscilla Renea
148761,Takeoff
148908,Marc E. Bassy
149155,Taylor York
1492929,Andre Dwayne Jackson
149418,Brian Lee
149826,Isaac Slade
150051,Irving Berlin
150402,Masar
150927,John Oates
150934,The Chainsmokers
151087,Ali Payami
151092,Gryffin
15130,Ed Drewett
151666,Pop Genius
1519,Kesha
152276,The Social Experiment
15275,Talay Riley
152816,Paul Simonon
15346,KEY!
15369,A$AP Ferg
15379,FKi
1540137,Danil Shilovskii
1540138,Kirill Slepukha
154133,Chloe Angelides
154199,Jesse Shatkin
15441,Wham!
15474,Paul Simon
15496,Skrillex
155062,ILYA
155256,Kyla
155257,Ammar Malik
1553,The Alchemist
1553948,Bobby “Keyz” Reese
156397,Chris DeStefano
1565995,Chazz Palminteri
15740,Lana Del Rey
15792,Steve Aoki
158,DJ Khaled
1581,Linkin Park
1583,French Montana
158709,Thomas Rhett
1588501,Steven Bolden
158919,CMC$
1595303,Ramiro Suárez
15963,RAC
159829,VinnyxProd
160032,Louie Lastic
160041,Kali Uchis
1601,Paul McCartney
1602,Stevie Wonder
16023,Coco O.
1609392,Theresa Rex
162068,Phil Leigh
162101,Daniel Wilson
162126,Kodak Black
162702,Starrah
1632,Tory Lanez
163578,Go Grizzly
16411,Xperience
1643847,Daniel Stephenson
1645,Elvis Presley
16450,John Lennon
164661,AJR
164761,Jamie Scott
1649238,Maurice Jordan Kenoe
1649435,Bron Bron
1649436,Rubin Long Sanders
1649443,Ricky Harrell
1649447,808 Purps
16515,Joe Jonas
1653,Ryan Tedder
165764,Ian Kirkpatrick
166093,Vincent Pontare
16631,Brian May
1665,Machine Gun Kelly
16678,Nottz
1667938,Jaucquez Lowe
16681,Tunji Ige
1668463,Carl Rosen
167322,Vogue
16751,Chance the Rapper
16775,Sia
1683276,Isom Brandon Stuart
168601,ODESZA
1713,Skepta
17195,Popcaan
17207,Detail
1724859,Anitta & J Balvin
173136,Tourist
1735039,MELVV and Andy Seltzer
1735040,And Kennedi
173684,Guy Berryman
1737262,LNS Masu
1742691,Thomas Klotz
1742723,Jevon A. Tate
1745,Childish Gambino
17491,Avicii
175131,Supah Mario
1755,Carlos Santana
175514,Youthonix
1757175,El Escobario
176,Black Thought
17649,James Fauntleroy
177,Bilal
177201,Brad Delson
17764,Jason Derulo
177756,Rae Sremmurd
17853,Rita Ora
1789,The Kid Daytona
179206,Savan Kotecha
1799569,Genius Deutsche Übersetzungen
18047,Joey Bada$$
1809801,Echavarria Andrés Restrepo
181,Bob Dylan
181172,Sima Cunningham
1823,Daddy Yankee
182322,Lyrica Anderson
182604,Jonny Buckland
182605,Will Champion
1826298,George Noah Booth
182843,Carter Lang
182877,Velous
183115,Kevin Smith
183747,Helluva Beats
183757,Hagler
1838,Ellie Goulding
183935,Anitta
18435,Chris Cornell
184854,Marian Hill
1849,Earlly Mac
184927,Zac Efron
185154,Nebu Kiniza
185600,Screen Genius
1867524,Thierry Chaunay
1869719,Prod by Post
188054,Jack Patterson
188055,Mark Ralph
188107,Sonny Boy Gustafsson
1884,Chuck D
188429,David Frank
188776,Harrison Mills
188777,Clayton Knight
189433,Tommy Chong
189848,6LACK
190058,Johnny McDaid
19016,Jim Lavigne
19041,Bruce Springsteen
190585,ARTY
1907731,Camila Cabello & Daddy Yankee
190911,Rick Jarrard
191,Too $hort
191078,Ferras
1911551,Rob Haskell
19132,Prince Charlez
19133,Mohombi
191599,Neil deGrasse Tyson
19191,Regina Spektor
193351,1Mind
19340,Chuck Berry
195029,Shawn Mendes
195376,Dhani Lennevald
1954,Just Blaze
195546,Infamous
196086,Ido Zmishlany
1974,Damon Albarn
197614,Aalias
19818,RuthAnne
1985,Frank Ocean
1986077,Brandon Rackley
1986078,James Bernard Rosser Jr.
1988019,Justin Thomas
199001,Laquan Green
19976,Soundgarden
2,JAY-Z
200882,Cash Clay
201378,Sam Martin
20148,Wizkid
20185,Travis Scott
2025,Ryan Lewis
2025518,Litgangjesus
2026,Macklemore
20268,AC/DC
2028,Martin Luther King Jr.
2031068,Robert Harris (rap)
204611,Genius
204693,Holger Czukay
2047951,Swanson Quartet
204997,Adam Messinger
204998,Nasri Atweh
20503,Young Thug
205754,Rascal
20576,Lido
206433,Grace Weber
206519,Eagles of Death Metal
2069,Calvin Harris
20731,Mark Foster
207347,Jahaan Sweet
20765,Rock Mafia
20785,Tom Petty
209139,Swae Lee
209397,John Ryan
210443,Mr. 2-17
210448,Genius Brasil Traduções
210722,SOPHIE
211115,Genius Deutschland
211248,Liam Bailey
21188,Hit-Boy
212456,Stormzy
2133800,Yung Coke (Producer)
213416,Dria
213446,Chris Rea
214001,Pete Wentz
214050,Sam Hunt
214301,NF
21451,Kirk Knight
214513,Dustin Lynch
21456,Chuck Strangers
21532,Wow Jones
21576,Ad-Rock
216609,Fetty Wap
21712,Jessie Ware
21716,Needlz
217208,Lil Uzi Vert
21747,Stevie Nicks
217705,Penacho
2180892,Peter Karlsson, watt & Ali Payami, Taylor Swift, Ali Payami, Max Martin & Shellback,  Clara Taroncher, Luis Ángel O’Neill, Eric Pérez, Jorge Class & Matt Rad and many more
2184908,Antonio Carrillo
2184909,Christopher Rowe
21871,MØ
21894,A$AP Mob
2194,9th Wonder
21941,Conor Maynard
219547,Davide Rossi
2196399,Khairi Cain
2197,Future
22,The Notorious B.I.G.
221466,Nana Rogues
222416,Nick Seeley
22245,Danielle Haim
22295,Schife
223447,Melanie Fontana
223523,Tommee Profitt
223925,J Balvin
224,J Dilla
22437,Young Dolph
22457,Harry Styles
224988,Patrick Jordan-Patrikios
225,De La Soul
22516,Russ
22531,Paramore
225402,Gene Autry
225866,Zyra
226635,Genius Users
226661,San Holo
227626,Phoebe Ryan
227633,Joey Moi
228334,Blake Mills
228636,Halsey
229,Redman
22922,Andre Brown
22928,Zac Brown Band
2300,Adele
231035,Ben Bram
231673,Campa
23293,Marty James
233140,Dope Boi Beatz
23315,Southside
233680,A1
233994,KillBeatz
2341,Kevin Cossom
2358,The Weeknd
23661,Jay Ant
23691,Don Cannon
23796,?twenty one pilots
239154,Robin Hannibal
239980,OG Parker
241761,DRAM
242019,Steve Samson
24215,Zedd
2434,Anna Wise
244914,The Platters
245290,Mazza
246245,Tobias Jesso Jr.
24637,Nes
24741,DJ Khalil
248458,PnB Rock
248478,Lauren Alaina
2487,Jennifer Lopez
249592,Sabrina Carpenter
25005,Ty Dolla $ign
250301,Charlie Puth
25090,Isaac Watts
2517,Jessie J
2538,Punch
255749,Shuntaro Tanikawa
25680,?blackbear
25754,Ayo The Producer
2578,David Guetta
25889,Little Mix
25939,Sage The Gemini
25983,King Henry
260188,Oliver Francis
261800,Nai Palm
262801,Ina Wroldsen
26379,Zaire Koalo
264329,Jack Antonoff
264368,Bryson Tiller
26460,OZ
26507,Ariana Grande
265110,Frank McCourt
2652,Jazze Pha
26577,Aminé
26593,Jon Bellion
26868,Sampha
268834,Jonah Berger
269503,Flash the Ripper
271318,Mr. Hahn
27259,Cardo
2726,Quincy Jones
27434,Jeff Bhasker
27435,DJ Frank E
27446,S1
27453,Emile Haynie
27461,Chin Injeti
27467,Ali Shaheed Muhammad
27468,Tarentino
27472,Sounwave
27474,DJ Dahi
27479,T-Minus
27485,Purps
27486,TM88
27506,808 Mafia
27511,DJ Spinz
275120,Foy Vance
27578,StarGate
27588,The Olympicks
27597,Cardiak
27601,The Beat Bully
27609,Ike Beatz
27612,40
27616,Vinylz
27621,Giorgio Tuinfort
27629,DJ Nasty
27630,L.V.M.
27638,KeY Wane
276414,Jasmine Thompson
27648,Will-A-Fool
27649,Syk Sense
27655,Doc McKinney
27679,The Smeezingtons
276934,Marty Baller
27696,The Twilite Tone
27697,Noah Goldstein
27765,Salaam Remi
27792,Jim Abbiss
27794,Rick Rubin
278,Jeremih
27804,Dr. Luke
27807,Christian Rich
27816,Rockwilder
27819,Swiff D
27822,Zaytoven
27827,Rob Holladay
278311,Kygo
27835,Max Martin
27836,Shellback
278452,LunchMoney Lewis
27894,Malay
27916,Adrian X
27935,Ludwig Göransson
27937,Mark Batson
27987,Harry Fraud
28042,Robert John “Mutt” Lange
28165,One Love
28169,Frank Dukes
282172,Oh Wonder
283461,Stuart K. Hine
28480,Illangelo
28543,OAK
285817,Jacob Kasher
285819,Breyan Isaac
285859,Bobby Helms
28651,DJ Plugg
28791,Greg Wells
288086,Mark Nilan Jr.
28906,?benny blanco
28973,Jazzfeezy
289976,Playboi Carti
2906,A-Trak
290895,Fred Jerkins III
29106,Jackson Foote
29189,Dean Martin
29263,Hollywood Hot Sauce
292980,Jessie Reyez
29322,Jerry Duplessis
293961,Millie Kirkham
293962,The Jordanaires
29472,Imagine Dragons
29473,Alex da Kid
29497,Dre Skull
29523,G. Ry
29609,Liz Rodrigues
296675,Anne-Marie
29680,Nic Nac
29742,C-Sick
29767,RedOne
29780,Mustard
297877,Andrelli
298,Hayley Williams
29851,Jon Landau
29852,Little Steven
29862,Chuck Plotkin
29974,Rik Simpson
29978,Mike WiLL Made-It
301191,Knox Fortune
30161,K-Major
30183,J. Walker
30191,The Pogues
302826,Alexander Kronlund
30314,High Klassified
303261,Cesqeaux
30421,Emanuel Kiriakou
30425,Cirkut
304348,Marcus “Marc Lo” Lomax
304350,Stefan Johnson
3063,Kandi
30630,Mel “Chaos” Lewis
307,RZA
309100,DNA Songs
309212,Gravez
309511,Matt Rad
309593,Kyle Schlienger
30989,Bing Crosby
30992,Carpenters
30993,Steve Lillywhite
310,Wiz Khalifa
31097,LaShawn Daniels
31210,Ari Levine
31269,Frequency
3129,The Product G&B
31346,Tyler Dopps
31426,Jamie xx
31634,Guy-Manuel de Homem-Christo
31695,The Futuristiks
31787,Peggy Lee
31791,The Messengers
31918,Rob Cavallo
32,Ol’ Dirty Bastard
32029,Hector Delgado
32212,Frank Romano
32235,Richard Carpenter
32236,Karen Carpenter
323622,Lauren Daigle
323668,Haven Gillespie
32429,CuBeatz
325049,Khaled Rohaim
325437,Nick Monson
325827,DallasK
326,Trey Songz
32617,Katherine Kennicott Davis
32622,Nat King Cole
32626,BADBADNOTGOOD
326362,Post Malone
3264,Jermaine Dupri
327587,KU?KA
32817,Tim James
32818,Antonina Armato
32826,Claude Kelly
32828,Lauren Christy
328372,Gabriel Garzón-Montano
329376,Dave Barnes
329564,Ali Tamposi
329689,Jeremy Lloyd
329739,Monte Moir
330059,Amaire Johnson
33010,Metro Boomin
330498,Luke Combs
33076,The Arcade
3309,Daryl Hall
331073,Louane
331090,XYLØ
331400,Kash Doll
333306,Rice N’ Peas
333765,Sting International
333845,Rhett Akins
333864,Trent Tomlinson
334,Justin Timberlake
334215,David Garcia
334418,Cicero
334508,Famous Dex
334903,Leland
33499,Mike Spencer
335402,Sam Barsh
335759,Slim Jxmmi
336528,Smash David
33673,CP DUBB
33699,KAYTRANADA
33782,Luis Resto
338,Busta Rhymes
338751,Clarence Coffee Jr.
338777,Lauv
339472,ZAYN
339543,Young M.A
339721,Wheezy
340374,Captain Cuts
34107,James Arthur
341140,STINT
341322,Liana Bank$
34193,Menahan Street Band
34194,Charles Bradley
34314,Jimmy Iovine
34340,Da Honorable C.N.O.T.E.
343963,The Nat King Cole Trio
344497,Luis Fonsi
344642,David Byron
345,P!nk
34522,Supa Dups
34529,Lee On The Beats
34533,Ben Billions
34694,Trugoy the Dove
346989,Travis Mendes
34793,Mike Elizondo
34990,Jeff Lynne
350503,Mel Tormé
35064,Mick Jones
351,George Clinton
351070,Dolores O’Riordan
35149,Sound M.O.B.
35155,Christoph Andersson
35252,George Michael
353,Chris Martin
35355,Ronny J
35389,Denny Cordell
354244,José Feliciano
354283,Teddy Geiger
354490,Johnny Marks
354585,Eartha Kitt
354633,MoZella
35599,Saba
357,Justin Bieber
357100,Michael Johnson
357302,The Puppini Sisters
35762,Backpack
357854,Kirsty MacColl
35821,FrancisGotHeat
358562,David Sanborn
358878,Kay Starr
35895,Cory Rooney
359046,Jean-Michel Jarre
359225,Ken Hensley
359481,Roger Taylor
35988,Nabeyin
360055,The Fontane Sisters
3608,Erick Sermon
362,Alicia Keys
362690,Shane McAnally
36326,The MeKanics
363619,Diablo
363784,James Lord Pierpont
364372,Vince Guaraldi Trio
364760,Sarah Hudson
365,John Legend
3650,PMD
36549,John Sebastian
365651,The Anita Kerr Singers
36586,Taz Taylor
366454,Cheeze Beatz
367,Masta Ace
36741,Mike Campbell (Tom Petty & The Heartbreakers)
367734,Meredith Willson
367795,John Denver & The Muppets
368212,Lou Monte
3683,Fingazz
369,Isaac Hayes
36932,Jerry Butler
36944,Lorde
369532,Vince Guaraldi
370872,Jaki Liebezeit
37120,Fuse 808
371832,Larry Carlton
3719,Barry White
37215,?d.a. got that dope
372164,Adora
37229,Butch Walker
37246,Ricky Racks
37344,RobGotBeats
37523,Sir Nolan
37558,John Hill
375863,Moon Taxi
377002,Cheat Codes
377796,Peven Everett
377925,Juliet Roberts
37880,P-Money (Producer)
37899,Arcángel
379710,Paul Butterfield
37996,J-Bo
38,Juvenile
38175,Florida Georgia Line
38287,BigWhiteBeatz
38423,Justin Parker
38636,Paul Rosenberg
386547,WhatRoughBeast
387168,Hayley Warner
387284,Jamie Hartman
388036,Gaye Delorme
388683,YFN Lucci
39044,Michael Beinhorn
39054,Steve Earle
391625,Jule Styne
394320,Sebastian Kole
394321,Alessia Cara
39547,Audioslave
395732,Georgia Ku
39585,Kuk Harrell
39592,Deko
396,Wale
396565,XXXTENTACION
397875,Grace Chatto
397914,Amy Wadge
398381,Jeremy Zucker
398449,Hillary Lindsey
398496,Alex Schwartz
398497,Erik Alcock
39867,Jim Steinman
39868,Bonnie Tyler
39876,Switch
399,Mr. Hudson
4,Lil Wayne
400379,Christopher Thornton
401419,Tor Erik Hermansen
401980,Steve Marsden
402795,Marilyn Bergman
402796,Alan Bergman
402806,A Strut
402807,Jakob Jerlström
402808,Oscar Holter
40393,Larrance Dopson
404275,Mitchell Ayres
405094,Noel Regney
405415,Maluma
405554,Noah Cyrus
40927,Tony Bennett
40943,Edward Thomas
409439,Gerry Goffin
409511,Justin Tranter
409513,Joe Trohman
40963,Pete Townshend
409643,Julia Michaels
41180,Larry Smith
411930,Anthony Egizii
411931,David Musumeci
411978,Ashley Gorley
412137,Jr. Blender
412142,Sidney Swift
412342,RØMANS
41287,DJ Snake
41394,Cass Lowe
41479,Towkio
41489,Peter CottonTale
41569,Felix Snow
41579,SZA
41784,Matt Dike
418491,Rod Temperton
418794,Jordan Ullman
418812,Majid Al Maskati
418951,Lindy Robbins
418952,Pamela Sheyne
419080,Wyatt Durrette
41991,William Smith
420369,Oliver Sim
423108,Allee Willis
423220,E. Kidd Bogart
42438,Gene Redd
42463,Thomas Bangalter
42625,Ariel Rechtshaid
42778,Steve Jordan
430404,21 Savage
43346,Quadron
4337,C4Bombs
43383,Sam Smith
43421,June The Genius
43555,Carl Falk
43588,HAIM
437,Bobby Brackins
43733,P-Nasty
43735,Noel Zancanella
43747,Phonix Beats
43770,Zac Brown
43771,Keith Stegall
438,Chris Brown
43805,Julian Bunetta
43902,Zendaya
4396,Mark Morrison
440066,Promnite
44031,Fuse
44079,Dun Deal
44080,Migos
44112,Asa Taccone
4414,Philip Bailey
4431,Mike Shinoda
44478,Steve Sholes
44539,Don Gilmore
44575,London on da Track
446,Miguel
447,Lady Gaga
45,Eminem
451401,Ricci Riera
451598,Jesse Frasure
451607,Kenza Samir
45255,Nard & B
452867,Rojas
45313,Duke Dumont
45349,Charli XCX
45350,Charles Brackett
45351,D.M Marshman
45352,Billy Wilder
45372,Selena Gomez
454039,Imaginary Future
45465,Bobby Johnson Beats
454770,Cara Salimando
455078,Alice and the Glass Lake
455379,Brett Young
455400,Anna of the North
45547,Matt Dragstrem
455832,Black Coffee
456,Y-Not
45618,Vice
45646,Justin Meldal-Johnsen
456851,Alan Merrill
458992,Blender
459835,Crazy Cousinz
46,Snoop Dogg
46043,Francis and the Lights
460552,Pebe Sebert
461370,Ben Hayslip
461477,Jake Hooker
463434,Joni Fatora
464694,Josh Osborne
464760,Papa Dee Allen
464762,Howard Scott
464764,Lee Oskar
464765,Charles Miller
46496,Kid Harpoon
465687,Mac & Phil
467,Wyclef Jean
467161,Andrew Maury
46739,Michael Masser
468879,Teddy Mendez
468880,Edwin Perez
4709,No I.D.
47127,Brody Brown
47131,PARTYNEXTDOOR
473313,Richie Souf
47473,Shane MacGowan
47800,Martin Pradler
4781,Tom Morello
481172,Bernard Herrmann
481367,Maja Francis
481514,Gladius
48185,?gnash
482156,Bucie
48299,Nate Fox
48326,Yung Lean
48331,J-Louis
484965,Martin Jensen
485206,Nate Campany
485207,Kyle Shearer
485229,Nick Mira
48603,Zach Crowell
486585,Lyle Leduff
488,John Mayer
49094,Philip Lawrence
49095,Andrew Wyatt
491090,Lukas Nelson
49152,Oren Yoel
49192,Frank Loesser
492,Big Sean
49286,6ix
49449,Flume
49470,DJ ESCO
49669,Loosechange
49698,Cashmere Cat
497319,Digital Farm Animals
498,Beyoncé
49926,Hall & Oates
499861,Lewis Hughes
499971,Kiiara
500,Bruno Mars
50268,Tyler Joseph
505170,JUDGE
50570,Steve Kipner
50622,Blue Öyster Cult
50623,Murray Krugman
50624,Sandy Pearlman
507607,MexikoDro
508218,Daya
50896,WondaGurl
509,?dEnAun
51072,Ricky G
51082,Posdnuos
511559,Jaegen
511608,Taiwo Hassan
511609,Kehinde Hassan
51166,Purp Dogg
512850,Steve Lacy
51380,J Gramm
516599,Tinashe Sibanda
51666,X Ambassadors
51692,Martin Johnson
517592,Sammy Cahn
517650,Philip Springer
51766,Steve Mac
517661,Hugh Martin
517662,Ralph Blane
51771,Walter Afanasieff
520160,Suga (BTS)
520175,Supreme Boi
52078,Portugal. The Man
52183,Steve Fitzmaurice
52282,Jack Red
523,Dre
523230,Bjørnskov
524190,Kane Brown
525432,Justin Quiles
526003,Andy Williams
527312,The Martianz
527629,Joe London
52806,Jake Gosling
52817,Skyz Muzik
528660,Tim Larcombe
52893,Yung Exclusive
530897,Lowell Mason
531095,Julien Bam
5318,DJ Kool
53342,Fuse ODG
5339,DJ Paul
534781,Pip
535,R. Kelly
537002,Quentin Miller
537272,Henrik Barman Michelsen
537273,Edvard Førre Erfjord
537302,B Ham
538845,Fredrik Häggstam
538901,Ben Berger
539432,Angus Young
539433,Malcolm Young
539718,Charlie Handsome
540192,Olivia O’Brien
54077,Cassius Jay
541009,Maneesh
54290,Rick Nowels
543018,Kevin ADG
543019,Chan El Genio
5454,Malik Yusef
546726,Josh Rawlings
547449,Hailee Steinfeld
548314,Maren Morris
55089,Twice as Nice
551226,Sky Rompiendo
551587,Soaky Siren
551588,Teddy Jackson
551992,Emily Warren
551995,Michael Leary
552457,Mattman & Robin
552689,Kieron Menzies
55396,Nico Segal
554,Tyga
55411,Kenai
55444,Greg Kurstin
554561,Garry Glenn
555561,Dua Lipa
555687,Matthew McGinn
556,Tony Yayo
556452,Ben McKee
556453,Daniel Platzman
556454,Wayne Sermon
556619,ThankGod4Cody
55684,Allen Ritter
556966,Dre Moon
557178,Maggie Lindemann
558190,Danny Wolf
55903,Zara Larsson
559839,KEYZBABY
56,Nas
560269,XL Eagle
56160,CADE
562714,IBeatz
56287,Joseph Trapanese
563,Queen
564416,A R I Z O N A
564434,Britt Burton
565381,DNCE
5659,Maseo
566086,Christopher Elliott
566791,Tristan Landymore
567252,Alex Pall
568068,Jon Hume
568186,Drake & Future
56886,Brian Holland
569307,Big Lenbo
56982,Jonas Jeberg
56983,Jason Evigan
569922,Lil Peep
57092,Sigma
571062,Ugly God
571100,Sasha Sloan
571101,ISM
571425,Sandro Cavazza
572105,Izak
572120,Street Hymns
572674,Cam O’bi
572970,J. Fred Coots
573625,SuperDuperBrick
574528,DaHeala
575218,Epikh Pro
576085,Tyler Johnson
576148,James Newman
5763,Poo Bear
576544,?watt
576610,Louis Tomlinson
576622,Bon Scott
577,Buddah Bless
578287,Mantra
578888,Ronnie Van Zant
578889,Gary Rossington
579526,J. Davi$
579558,Karl Rubin Brutus
57967,Brian Wilson
579786,Gnealz
580572,Maaly Raw
5807,KIRBY
581131,Skip Marley
581698,Liam Payne
58221,Dominic Jordan
58222,Jimmy Giannos
582361,Marshmello
582407,Will Hicks
58311,David Foster
583177,Ben Abraham
584864,Drew Love
58613,Donut
58668,Leon Michels
589072,Anthony Tucker
59,2Pac
59119,Jayson DeZuzio
59130,BloodPop®
592621,Robin Weisse
59307,Jim Stewart
593495,Lege Kale
59421,G Koop
594282,Jonathan Yip
594283,Jeremy Reeves
594284,Ray Romulus
59470,BeazyTymes
59801,Michael Bublé
5985,Stan Graham
6017,Fredwreck
60204,Josh Miller
6021,Jake One
60354,Perry Como
60437,Fifth Harmony
60493,Freddie Mercury
606741,Josh Gudwin
608241,Sir Dylan
609667,Camila Cabello
610302,Mike Hector
610968,Lil Yachty
611587,Arie Storm
612057,The Track Burnaz
61362,DJ Camper
615916,Tayla Parx
61600,Quavo
616112,Prince 85
616113,Dave Bassett
617327,NAV
618008,Stefflon Don
618451,Bradley Spence
619133,Caroline Ailin
620092,Damasa
620527,Madison Love
620529,John Cunningham
621678,Cardi B
621984,Jon Green
62236,Ricky Reed
6226,Roy Ayers
623257,Willy William
624173,Axl Folie
624325,”hitman” Bang
624550,Benjamin Eli Hanna
62510,The Monsters & Strangerz
625410,Rob $tone
62578,Pentatonix
626678,Desiigner
62702,Hiatus Kaiyote
627151,Pluss
627390,Xeryus L. Gittens
62847,Mike Love
628652,The Good Perry
629,Leonard Cohen
62928,Dean Reid
62941,Ryan McMahon
62942,Ryan Rabin
630266,Lee Gillette
630475,Jenson Vaughan
632021,Ilsey
63216,Joel Little
632912,Jorja Smith
632979,Jonas Blue
63315,?jesse saint john
633258,Chef Pasquale
633623,Imad Royal
6343,Patrick Stump
634300,Rich Stephenson
634311,Joseph Angel
634575,Dale Warren
634862,C-ClipBeatz
634957,Young Troy
63555,Taylor Bennett
635618,Dave Farrell
63610,Bobby Kritical
636418,Bobby Campbell
637876,?lil aaron
639328,PHresher
639521,A Boogie wit da Hoodie
639684,Snavs
639900,Menace
640176,GottiOnEm
641,Lynyrd Skynyrd
641040,Jeff Lane
641134,B. B. Dickerson
641136,Lonnie Jordan
641148,Brock Korsan
6412,KYLE
641964,Andrew Joslyn
642561,John Guerin
642979,Sickdrumz
643,Pusha T
643405,Rogét Chahayed
643808,Rob Bourdon
644023,George Merrill
644024,Shannon Rubicam
64420,NY Bangers
644202,Mike Strange
645370,Alexander Izquierdo
64581,Nineteen85
646230,Marvin Thomas
646241,Samantha Gongol
646677,Maximilian Jaeger
646888,Tim Commerford
646889,Brad Wilk
646901,Smokepurpp
6471,Bootsy Collins
647112,Ronnie Foster
647408,Zach Filkins
64758,Audra Mae
64761,Salem Al Fakir
647639,Jim Boothe
647641,Joe Beal
647831,Chris “TEK” O’Ryan
648299,Thomas Brenneck
648312,Luther Rabb
648314,Jim Walters
648349,Marlon “Chordz” Barrow
648391,Seeb
649158,Rob Manzoli
649249,Asia Whiteacre
649608,OmArr
64961,Al Kooper
649616,Henry Onorati
649617,Harry Simeone
649631,Gia Koka
649708,Stephen Philibin
649723,Al McKay
651034,Brendan Grieve
65109,Rich The Kid
651111,Niall Horan
651141,Trevor Dahl
65116,Dougie
651237,Noah Passovoy
651307,Chad Franscoviak
651315,Jon Mills
651316,Kurtis McKenzie
651320,Anthony Jeffries
651689,Mark Pritchard
65238,Martin Garrix
652571,Danny Parker
653062,Lauren Jauregui
653063,PJ Bianco
653076,Pop & Oak
653079,Jude Demorest
653414,TWENTY88
654,Mike Posner
654614,Jordan Schmidt
65464,Forest Swords
654749,Jon Asher
654753,Taylor Helgeson
654775,Oliver El-Khatib
654932,Lil Pump
655138,Jason Pebworth
65581,DJ White Shadow
656173,YoungBoy Never Broke Again
656670,Alex Lacamoire
65700,The Corporation
65703,Hal Davis
657424,Michael Burton
657454,Robert Bateman
658615,William Singe
658975,Joe King
659217,Bill Rahko
659313,Lil Tracy
660556,SHY Nodi
660558,Andrew Taggart
660893,FadedBlackid
661292,Derek Dixie
662,Boi-1da
663011,Aquaman
663012,Donald Dennis
663013,Garu Jackson
663014,Patrick Roberts
663015,Andrew Thomas
663034,A. Martin
663238,Elina Stridh
663265,Stuart Crichton
663361,Jon Ingoldsby
664263,Steven “Lenky” Marsden
664548,Benjamin Rice
664549,Matt Beckley
664580,Andrew Bolooki
665,Major Lazer
665102,Billy Walsh
665106,The Struts (Producers)
665457,Jarami
666362,Alex Salibian
666643,Barry “Mijo” Bradford
666681,Joe Khajadourian
66768,Spinz Beats Inc
668366,HaHa Davis
668499,Chicago Childrens Choir
668548,Isaiah Robinson
668549,Josephine Lee
668550,Taylor Marrow-Simmons
668551,Vasil Garnanliey
668552,Ashwin Torke
668553,James Francies
668554,Jamie Woods
668555,Jonathan Hoard
668556,Lakeitsha Williams
668557,Rachel Cato
668957,Gary Mudbone Cooper
669,Adam Levine
669087,Fred Fairbrass
669088,Richard Fairbrass
669225,Jordan K. Johnson
669226,German (Producer)
669399,Kevin White
669410,Topper Headon
669794,Tim Gomringer
669795,Kevin Gomringer
67,Jeezy
670424,Dave Guy
670998,Vontae Thomas
671660,Te Whiti Warbrickk
671661,Nicholas Audino
672062,Teemu Brunila
672102,Wolf Cousins
672606,Madi Wolf
672712,Tessa Douwstra
67349,JP Cooper
674576,Mauricio Rengifo
674885,DY Krazy
674933,Caleb Laven
675997,Coleridge Tillman
676108,De Gasperis Brigante
676109,Geoffrey Patrick Earley
678071,Michael “Black Mic” Williams
678132,Javelyn Hall
67932,Tom Petty and the Heartbreakers
679645,Este Haim
679646,Alana Haim
680406,Anthony West
680638,Ryan Nasci
681077,FKi 1st
682717,Andrés Torres
683021,Jimmy Duval
683272,NOVA (Soundsbynova)
68333,J. White Did It
683896,Dub Tha Prodigy
684252,Robert Spike Mickens
684991,Farrago
684997,Max Bennett
685,Tyler, The Creator
69,J. Cole
69043,Dan Reynolds
693033,NEIKED
69342,Spotify
69897,Maurice White
69949,Di Genius
70110,RM
70112,?j-hope
70113,BTS
70273,Pdogg
703,Foster the People
71122,Ray Parker Jr.
713416,Harry Palmer
71478,Lucy Rose
71482,Jacquire King
71540,Axident
7161,MIKE DEAN
71811,Vincent Lee
71876,Scott Harris
72,Kanye West
720,Labrinth
72045,Jack Ü
7280,Shaggy
72997,Snoh Aalegra
738,D.M.C.
73836,Joseph Addison
73910,Hozier
7393,Lisa “Left Eye” Lopes
740,Sean Paul
747,N.E.R.D
747138,Thomas Archer
747139,Taylor Phillips
7478,Grace Jones
7612,Happy Perez
7672,Ester Dean
77014,Eskeerdo
773986,Raul Cubina
773999,Freddie Gorman
778309,Samuel Frisch
778310,Alexander Makhlouf
778311,Jean Paul Makhlouf
7798,Inaya Day
7811,Fall Out Boy
79085,Stwo
7922,Logic
80125,Kehlani
805,Miley Cyrus
81381,Kelela
816604,DJ Maphorisa
81818,Vance Joy
8231,Mark Ronson
824,Frank Sinatra
835,Michael Jackson
8351,Coldplay
8382,Polow da Don
845355,Raúl González
84565,China Black
8491,Rodney Jerkins
85,T.I.
854621,Beoga
8550,Beenie Man
8557,Rev Run
860,Gorillaz
864,Curtis Mayfield
8662,The Jackson 5
86678,Joe Strummer
8743,Kai
876840,SHY Martin
88,Rick Ross
88813,Offset
89,Rihanna
8955,Isaiah
91532,DZL
92,Nicki Minaj
923369,Henrik Meinke
923372,Jonas Kalsch
923374,Alexsej Vlasenko
923377,Jeremy Chacon
932957,Cool N Dre
934,OneRepublic
93851,Top Dawg
941,Vince Staples
944,Marvin Gaye
94499,Gud
95489,Murda Beatz
95984,Jimmy Napes
960567,Anthony Khan
9654,Ammo
966756,Michael Karoli
966757,Irmin Schmidt
966964,Dennis Thomas
966968,Robert Bell
96842,Gregg Rominiecki
972559,Jon Shave
972560,George Astasio
976208,Smokeasac
976407,Ansel Elgort
976727,FranchiseDidIt
976763,Kass
976764,Tony Springer
977349,Tyler Hubbard
978048,Stanaj
979645,Chester Hansen
979646,Alex Sowinski
980212,Lil Jay (Crime Mob)
980331,Cashio
980410,Rachel Moulden
980465,21 Savage & Metro Boomin
980801,Zayion McCall
980942,Lewis Redner
980943,Phillips Brooks
980945,Oakley Haldeman
980946,Lee Mendelson
981006,Billboard Hitmakers
98380,Rodaidh McDonald
984008,Frederic Kennett
984204,Shaun Frank
984358,Starley
984430,Carah Faye
984799,Raymond Calhoun
984869,George Wyle
984870,Edward Pola
984904,808-Ray
986319,Mike Woods
986640,Austin Rosen
987775,Sarah Blanchard
987837,Gloria Shayne Baker
987840,Joseph Mohr
988135,Naz
988734,Keanu Beats
989213,CVBZ
989523,Rex Orange County
989573,Michael Holmes (Singer)
989960,Future & Young Thug
991355,Nevada
991444,Vegyn
991924,Peter Hanna
992185,Edward Drewett
992687,Vimto(TaylorSwift14)
992874,Taylor Bird
9932,Khalid
993214,Plested
993711,Yipsy
993779,Petit Biscuit
993855,Ed King
99440,Aaron Carter
995189,Quality Control
995985,FRND
997039,Neil Ormandy
997040,Steve Solomon
997932,Buck Dharma
999281,Matthew Tavares
999282,Kaan Güne?berk
999607,Andy Seltzer
